URL,Question Text,Option Text,Option Value
"https://www.fdma.go.jp/relocation/neuter/topics/filedList9_6/kyukyu_app/kyukyu_app_web/index.html?A000Q0105,A811",（いつもどおり）ふつうにしゃべれていますか？ 声は出せていますか？ ,はい,"A812,A811Q0101"
"https://www.fdma.go.jp/relocation/neuter/topics/filedList9_6/kyukyu_app/kyukyu_app_web/index.html?A000Q0105,A811",（いつもどおり）ふつうにしゃべれていますか？ 声は出せていますか？ ,いいえ,"20,A811Q0102"
"https://www.fdma.go.jp/relocation/neuter/topics/filedList9_6/kyukyu_app/kyukyu_app_web/index.html?A000Q0105,A811,A811Q0101,A812",ハアハアしますか（ハアハアしていますか）？ 息は苦しい（苦しそう）ですか？ ,はい,"A003151,A812Q0101"
"https://www.fdma.go.jp/relocation/neuter/topics/filedList9_6/kyukyu_app/kyukyu_app_web/index.html?A000Q0105,A811,A811Q0101,A812",ハアハアしますか（ハアハアしていますか）？ 息は苦しい（苦しそう）ですか？ ,いいえ,"A813,A812Q0102"
"https://www.fdma.go.jp/relocation/neuter/topics/filedList9_6/kyukyu_app/kyukyu_app_web/index.html?A000Q0105,A811,A811Q0101,A812,A812Q0101,A003151",当てはまる症状を選んでください。,1.急に息苦しくなりましたか？,"20,A003151Q0101"
"https://www.fdma.go.jp/relocation/neuter/topics/filedList9_6/kyukyu_app/kyukyu_app_web/index.html?A000Q0105,A811,A811Q0101,A812,A812Q0101,A003151",当てはまる症状を選んでください。,2.胸の痛みがありますか？,"A003211,A003151Q0102"
"https://www.fdma.go.jp/relocation/neuter/topics/filedList9_6/kyukyu_app/kyukyu_app_web/index.html?A000Q0105,A811,A811Q0101,A812,A812Q0101,A003151",当てはまる症状を選んでください。,3.泡状のピンク色　〔または〕　白い痰（たん）がたくさん出ますか？,"20,A003151Q0103"
"https://www.fdma.go.jp/relocation/neuter/topics/filedList9_6/kyukyu_app/kyukyu_app_web/index.html?A000Q0105,A811,A811Q0101,A812,A812Q0101,A003151",当てはまる症状を選んでください。,4.しばらく（数時間程度）その状態が続いていますか？,"20,A003151Q0104"
"https://www.fdma.go.jp/relocation/neuter/topics/filedList9_6/kyukyu_app/kyukyu_app_web/index.html?A000Q0105,A811,A811Q0101,A812,A812Q0101,A003151",当てはまる症状を選んでください。,5.以前に肺梗塞（エコノミークラス/ロングフライト症候群、深部静脈血栓症、下肢静脈血栓症など）　〔または〕　気胸　〔または〕　自然気胸　〔または〕　慢性呼吸不全と言われたことがありますか？,"20,A003151Q0105"
"https://www.fdma.go.jp/relocation/neuter/topics/filedList9_6/kyukyu_app/kyukyu_app_web/index.html?A000Q0105,A811,A811Q0101,A812,A812Q0101,A003151",当てはまる症状を選んでください。,6.喘息（ぜんそく）と言われたことがありますか？　〔または〕　喘息（ぜんそく）の薬が効かなかったことがありますか？,"A003171,A003151Q0106"
"https://www.fdma.go.jp/relocation/neuter/topics/filedList9_6/kyukyu_app/kyukyu_app_web/index.html?A000Q0105,A811,A811Q0101,A812,A812Q0101,A003151",当てはまる症状を選んでください。,7.何か変なものを吸い込みましたか？　〔または〕　息が苦しくなったのは吐いた後からですか？　〔または〕　むせた後からですか？,"20,A003151Q0107"
"https://www.fdma.go.jp/relocation/neuter/topics/filedList9_6/kyukyu_app/kyukyu_app_web/index.html?A000Q0105,A811,A811Q0101,A812,A812Q0101,A003151",当てはまる症状を選んでください。,8.横になると息苦しいですか？　〔または〕　（苦しくて）座らないと息ができませんか？,"20,A003151Q0108"
"https://www.fdma.go.jp/relocation/neuter/topics/filedList9_6/kyukyu_app/kyukyu_app_web/index.html?A000Q0105,A811,A811Q0101,A812,A812Q0101,A003151",当てはまる症状を選んでください。,9.顔がむくんだり、赤くなったり、蕁麻疹（じんましん）がでていますか？,"20,A003151Q0109"
"https://www.fdma.go.jp/relocation/neuter/topics/filedList9_6/kyukyu_app/kyukyu_app_web/index.html?A000Q0105,A811,A811Q0101,A812,A812Q0101,A003151",当てはまる症状を選んでください。,どれにもあてはまらない,"A003152,A003151Q0110"
"https://www.fdma.go.jp/relocation/neuter/topics/filedList9_6/kyukyu_app/kyukyu_app_web/index.html?A000Q0105,A811,A811Q0101,A812,A812Q0101,A003151,A003151Q0102,A003211",当てはまる症状を選んでください。,1.痛みは突然ですか？痛みの程度は変わりませんか？,"20,A003211Q0101"
"https://www.fdma.go.jp/relocation/neuter/topics/filedList9_6/kyukyu_app/kyukyu_app_web/index.html?A000Q0105,A811,A811Q0101,A812,A812Q0101,A003151,A003151Q0102,A003211",当てはまる症状を選んでください。,2.頸部（首）　〔または〕　あご　〔または〕　肩甲骨　〔または〕　背中　〔または〕　上肢（腕）に痛みが広がっていますか？,"20,A003211Q0102"
"https://www.fdma.go.jp/relocation/neuter/topics/filedList9_6/kyukyu_app/kyukyu_app_web/index.html?A000Q0105,A811,A811Q0101,A812,A812Q0101,A003151,A003151Q0102,A003211",当てはまる症状を選んでください。,3.息切れ　〔または〕　めまい　〔または〕　脱力感（力が入らない）がありますか？,"20,A003211Q0103"
"https://www.fdma.go.jp/relocation/neuter/topics/filedList9_6/kyukyu_app/kyukyu_app_web/index.html?A000Q0105,A811,A811Q0101,A812,A812Q0101,A003151,A003151Q0102,A003211",当てはまる症状を選んでください。,4.手足が冷たい　〔または〕　湿っている（じっとりしていますか）？,"20,A003211Q0104"
"https://www.fdma.go.jp/relocation/neuter/topics/filedList9_6/kyukyu_app/kyukyu_app_web/index.html?A000Q0105,A811,A811Q0101,A812,A812Q0101,A003151,A003151Q0102,A003211",当てはまる症状を選んでください。,5.吐きましたか？　〔または〕　吐き気がありますか？,"20,A003211Q0105"
"https://www.fdma.go.jp/relocation/neuter/topics/filedList9_6/kyukyu_app/kyukyu_app_web/index.html?A000Q0105,A811,A811Q0101,A812,A812Q0101,A003151,A003151Q0102,A003211",当てはまる症状を選んでください。,6.安静にしても胸が痛いですか？,"20,A003211Q0106"
"https://www.fdma.go.jp/relocation/neuter/topics/filedList9_6/kyukyu_app/kyukyu_app_web/index.html?A000Q0105,A811,A811Q0101,A812,A812Q0101,A003151,A003151Q0102,A003211",当てはまる症状を選んでください。,7.動悸（ドキドキする感じ）　〔または〕　脈がとぶ感じがありますか？,"20,A003211Q0107"
"https://www.fdma.go.jp/relocation/neuter/topics/filedList9_6/kyukyu_app/kyukyu_app_web/index.html?A000Q0105,A811,A811Q0101,A812,A812Q0101,A003151,A003151Q0102,A003211",当てはまる症状を選んでください。,8.処方されている薬（ニトログリセリン、フランドルテープなど）を使っても胸痛がおさまらないですか？,"20,A003211Q0108"
"https://www.fdma.go.jp/relocation/neuter/topics/filedList9_6/kyukyu_app/kyukyu_app_web/index.html?A000Q0105,A811,A811Q0101,A812,A812Q0101,A003151,A003151Q0102,A003211",当てはまる症状を選んでください。,9.長く座りっぱなし　〔または〕　長時間同じ姿勢でしたか？　〔または〕　旅行などの後ですか？,"20,A003211Q0109"
"https://www.fdma.go.jp/relocation/neuter/topics/filedList9_6/kyukyu_app/kyukyu_app_web/index.html?A000Q0105,A811,A811Q0101,A812,A812Q0101,A003151,A003151Q0102,A003211",当てはまる症状を選んでください。,10.心臓の病気にかかったことがありますか？　〔または〕　いつもの発作と違いますか？,"20,A003211Q0110"
"https://www.fdma.go.jp/relocation/neuter/topics/filedList9_6/kyukyu_app/kyukyu_app_web/index.html?A000Q0105,A811,A811Q0101,A812,A812Q0101,A003151,A003151Q0102,A003211",当てはまる症状を選んでください。,11.ピル（避妊薬）を飲んでいますか？,"20,A003211Q0111"
"https://www.fdma.go.jp/relocation/neuter/topics/filedList9_6/kyukyu_app/kyukyu_app_web/index.html?A000Q0105,A811,A811Q0101,A812,A812Q0101,A003151,A003151Q0102,A003211",当てはまる症状を選んでください。,12.足の痛み、はれ、むくみ、赤味、熱っぽい感じのいずれかがありますか？,"20,A003211Q0112"
"https://www.fdma.go.jp/relocation/neuter/topics/filedList9_6/kyukyu_app/kyukyu_app_web/index.html?A000Q0105,A811,A811Q0101,A812,A812Q0101,A003151,A003151Q0102,A003211",当てはまる症状を選んでください。,13.急に足首がはれてきましたか？,"20,A003211Q0113"
"https://www.fdma.go.jp/relocation/neuter/topics/filedList9_6/kyukyu_app/kyukyu_app_web/index.html?A000Q0105,A811,A811Q0101,A812,A812Q0101,A003151,A003151Q0102,A003211",当てはまる症状を選んでください。,14.血の混じった痰（たん）が出てきましたか？,"20,A003211Q0114"
"https://www.fdma.go.jp/relocation/neuter/topics/filedList9_6/kyukyu_app/kyukyu_app_web/index.html?A000Q0105,A811,A811Q0101,A812,A812Q0101,A003151,A003151Q0102,A003211",当てはまる症状を選んでください。,15.けが、事故、妊娠、出産、手術、血液の病気（血液凝固異常）のいずれかを経験したことや指摘されたことがありますか？,"20,A003211Q0115"
"https://www.fdma.go.jp/relocation/neuter/topics/filedList9_6/kyukyu_app/kyukyu_app_web/index.html?A000Q0105,A811,A811Q0101,A812,A812Q0101,A003151,A003151Q0102,A003211",当てはまる症状を選んでください。,16.血が止まりにくいですか？,"20,A003211Q0116"
"https://www.fdma.go.jp/relocation/neuter/topics/filedList9_6/kyukyu_app/kyukyu_app_web/index.html?A000Q0105,A811,A811Q0101,A812,A812Q0101,A003151,A003151Q0102,A003211",当てはまる症状を選んでください。,どれにもあてはまらない,"A003212,A003211Q0117"
"https://www.fdma.go.jp/relocation/neuter/topics/filedList9_6/kyukyu_app/kyukyu_app_web/index.html?A000Q0105,A811,A811Q0101,A812,A812Q0101,A003151,A003151Q0102,A003211,A003211Q0117,A003212",当てはまる症状を選んでください。,1.深呼吸　〔または〕　咳によって痛みますか？,"A003213,A003212Q0101"
"https://www.fdma.go.jp/relocation/neuter/topics/filedList9_6/kyukyu_app/kyukyu_app_web/index.html?A000Q0105,A811,A811Q0101,A812,A812Q0101,A003151,A003151Q0102,A003211,A003211Q0117,A003212",当てはまる症状を選んでください。,2.発熱（38℃以上）はありますか？,"A003213,A003212Q0102"
"https://www.fdma.go.jp/relocation/neuter/topics/filedList9_6/kyukyu_app/kyukyu_app_web/index.html?A000Q0105,A811,A811Q0101,A812,A812Q0101,A003151,A003151Q0102,A003211,A003211Q0117,A003212",当てはまる症状を選んでください。,3.咳　〔または〕　黄色や緑色の痰（たん）が出ていますか？,"A003213,A003212Q0103"
"https://www.fdma.go.jp/relocation/neuter/topics/filedList9_6/kyukyu_app/kyukyu_app_web/index.html?A000Q0105,A811,A811Q0101,A812,A812Q0101,A003151,A003151Q0102,A003211,A003211Q0117,A003212",当てはまる症状を選んでください。,4.最近けがをして、体を動かすと痛みが増しますか？,"A003213,A003212Q0104"
"https://www.fdma.go.jp/relocation/neuter/topics/filedList9_6/kyukyu_app/kyukyu_app_web/index.html?A000Q0105,A811,A811Q0101,A812,A812Q0101,A003151,A003151Q0102,A003211,A003211Q0117,A003212",当てはまる症状を選んでください。,5.その場所を押すと痛みが出現しますか？,"A003213,A003212Q0105"
"https://www.fdma.go.jp/relocation/neuter/topics/filedList9_6/kyukyu_app/kyukyu_app_web/index.html?A000Q0105,A811,A811Q0101,A812,A812Q0101,A003151,A003151Q0102,A003211,A003211Q0117,A003212",当てはまる症状を選んでください。,6.痛みの部分がはっきりしていますか？,"A003213,A003212Q0106"
"https://www.fdma.go.jp/relocation/neuter/topics/filedList9_6/kyukyu_app/kyukyu_app_web/index.html?A000Q0105,A811,A811Q0101,A812,A812Q0101,A003151,A003151Q0102,A003211,A003211Q0117,A003212",当てはまる症状を選んでください。,どれにもあてはまらない,"A003214,A003212Q0107"
"https://www.fdma.go.jp/relocation/neuter/topics/filedList9_6/kyukyu_app/kyukyu_app_web/index.html?A000Q0105,A811,A811Q0101,A812,A812Q0101,A003151,A003151Q0102,A003211,A003211Q0117,A003212,A003212Q0101,A003213",当てはまるものを選んでください。,1.高齢者（65歳以上）ですか？　〔または〕　（女性のみ）妊娠していますか？,"20,A003213Q0101"
"https://www.fdma.go.jp/relocation/neuter/topics/filedList9_6/kyukyu_app/kyukyu_app_web/index.html?A000Q0105,A811,A811Q0101,A812,A812Q0101,A003151,A003151Q0102,A003211,A003211Q0117,A003212,A003212Q0101,A003213",当てはまるものを選んでください。,2.歩くことができない状態ですか？,"20,A003213Q0102"
"https://www.fdma.go.jp/relocation/neuter/topics/filedList9_6/kyukyu_app/kyukyu_app_web/index.html?A000Q0105,A811,A811Q0101,A812,A812Q0101,A003151,A003151Q0102,A003211,A003211Q0117,A003212,A003212Q0101,A003213",当てはまるものを選んでください。,3.糖尿病がありますか？,"20,A003213Q0103"
"https://www.fdma.go.jp/relocation/neuter/topics/filedList9_6/kyukyu_app/kyukyu_app_web/index.html?A000Q0105,A811,A811Q0101,A812,A812Q0101,A003151,A003151Q0102,A003211,A003211Q0117,A003212,A003212Q0101,A003213",当てはまるものを選んでください。,4.慢性腎不全がありますか？,"20,A003213Q0104"
"https://www.fdma.go.jp/relocation/neuter/topics/filedList9_6/kyukyu_app/kyukyu_app_web/index.html?A000Q0105,A811,A811Q0101,A812,A812Q0101,A003151,A003151Q0102,A003211,A003211Q0117,A003212,A003212Q0101,A003213",当てはまるものを選んでください。,5.喫煙歴がありますか？,"20,A003213Q0105"
"https://www.fdma.go.jp/relocation/neuter/topics/filedList9_6/kyukyu_app/kyukyu_app_web/index.html?A000Q0105,A811,A811Q0101,A812,A812Q0101,A003151,A003151Q0102,A003211,A003211Q0117,A003212,A003212Q0101,A003213",当てはまるものを選んでください。,6.高血圧がありますか？,"20,A003213Q0106"
"https://www.fdma.go.jp/relocation/neuter/topics/filedList9_6/kyukyu_app/kyukyu_app_web/index.html?A000Q0105,A811,A811Q0101,A812,A812Q0101,A003151,A003151Q0102,A003211,A003211Q0117,A003212,A003212Q0101,A003213",当てはまるものを選んでください。,どれにもあてはまらない,"21,A003213Q0107"
"https://www.fdma.go.jp/relocation/neuter/topics/filedList9_6/kyukyu_app/kyukyu_app_web/index.html?A000Q0105,A811,A811Q0101,A812,A812Q0101,A003151,A003151Q0102,A003211,A003211Q0117,A003212,A003212Q0102,A003213",当てはまるものを選んでください。,1.高齢者（65歳以上）ですか？　〔または〕　（女性のみ）妊娠していますか？,"20,A003213Q0101"
"https://www.fdma.go.jp/relocation/neuter/topics/filedList9_6/kyukyu_app/kyukyu_app_web/index.html?A000Q0105,A811,A811Q0101,A812,A812Q0101,A003151,A003151Q0102,A003211,A003211Q0117,A003212,A003212Q0102,A003213",当てはまるものを選んでください。,2.歩くことができない状態ですか？,"20,A003213Q0102"
"https://www.fdma.go.jp/relocation/neuter/topics/filedList9_6/kyukyu_app/kyukyu_app_web/index.html?A000Q0105,A811,A811Q0101,A812,A812Q0101,A003151,A003151Q0102,A003211,A003211Q0117,A003212,A003212Q0102,A003213",当てはまるものを選んでください。,3.糖尿病がありますか？,"20,A003213Q0103"
"https://www.fdma.go.jp/relocation/neuter/topics/filedList9_6/kyukyu_app/kyukyu_app_web/index.html?A000Q0105,A811,A811Q0101,A812,A812Q0101,A003151,A003151Q0102,A003211,A003211Q0117,A003212,A003212Q0102,A003213",当てはまるものを選んでください。,4.慢性腎不全がありますか？,"20,A003213Q0104"
"https://www.fdma.go.jp/relocation/neuter/topics/filedList9_6/kyukyu_app/kyukyu_app_web/index.html?A000Q0105,A811,A811Q0101,A812,A812Q0101,A003151,A003151Q0102,A003211,A003211Q0117,A003212,A003212Q0102,A003213",当てはまるものを選んでください。,5.喫煙歴がありますか？,"20,A003213Q0105"
"https://www.fdma.go.jp/relocation/neuter/topics/filedList9_6/kyukyu_app/kyukyu_app_web/index.html?A000Q0105,A811,A811Q0101,A812,A812Q0101,A003151,A003151Q0102,A003211,A003211Q0117,A003212,A003212Q0102,A003213",当てはまるものを選んでください。,6.高血圧がありますか？,"20,A003213Q0106"
"https://www.fdma.go.jp/relocation/neuter/topics/filedList9_6/kyukyu_app/kyukyu_app_web/index.html?A000Q0105,A811,A811Q0101,A812,A812Q0101,A003151,A003151Q0102,A003211,A003211Q0117,A003212,A003212Q0102,A003213",当てはまるものを選んでください。,どれにもあてはまらない,"21,A003213Q0107"
"https://www.fdma.go.jp/relocation/neuter/topics/filedList9_6/kyukyu_app/kyukyu_app_web/index.html?A000Q0105,A811,A811Q0101,A812,A812Q0101,A003151,A003151Q0102,A003211,A003211Q0117,A003212,A003212Q0103,A003213",当てはまるものを選んでください。,1.高齢者（65歳以上）ですか？　〔または〕　（女性のみ）妊娠していますか？,"20,A003213Q0101"
"https://www.fdma.go.jp/relocation/neuter/topics/filedList9_6/kyukyu_app/kyukyu_app_web/index.html?A000Q0105,A811,A811Q0101,A812,A812Q0101,A003151,A003151Q0102,A003211,A003211Q0117,A003212,A003212Q0103,A003213",当てはまるものを選んでください。,2.歩くことができない状態ですか？,"20,A003213Q0102"
"https://www.fdma.go.jp/relocation/neuter/topics/filedList9_6/kyukyu_app/kyukyu_app_web/index.html?A000Q0105,A811,A811Q0101,A812,A812Q0101,A003151,A003151Q0102,A003211,A003211Q0117,A003212,A003212Q0103,A003213",当てはまるものを選んでください。,3.糖尿病がありますか？,"20,A003213Q0103"
"https://www.fdma.go.jp/relocation/neuter/topics/filedList9_6/kyukyu_app/kyukyu_app_web/index.html?A000Q0105,A811,A811Q0101,A812,A812Q0101,A003151,A003151Q0102,A003211,A003211Q0117,A003212,A003212Q0103,A003213",当てはまるものを選んでください。,4.慢性腎不全がありますか？,"20,A003213Q0104"
"https://www.fdma.go.jp/relocation/neuter/topics/filedList9_6/kyukyu_app/kyukyu_app_web/index.html?A000Q0105,A811,A811Q0101,A812,A812Q0101,A003151,A003151Q0102,A003211,A003211Q0117,A003212,A003212Q0103,A003213",当てはまるものを選んでください。,5.喫煙歴がありますか？,"20,A003213Q0105"
"https://www.fdma.go.jp/relocation/neuter/topics/filedList9_6/kyukyu_app/kyukyu_app_web/index.html?A000Q0105,A811,A811Q0101,A812,A812Q0101,A003151,A003151Q0102,A003211,A003211Q0117,A003212,A003212Q0103,A003213",当てはまるものを選んでください。,6.高血圧がありますか？,"20,A003213Q0106"
"https://www.fdma.go.jp/relocation/neuter/topics/filedList9_6/kyukyu_app/kyukyu_app_web/index.html?A000Q0105,A811,A811Q0101,A812,A812Q0101,A003151,A003151Q0102,A003211,A003211Q0117,A003212,A003212Q0103,A003213",当てはまるものを選んでください。,どれにもあてはまらない,"21,A003213Q0107"
"https://www.fdma.go.jp/relocation/neuter/topics/filedList9_6/kyukyu_app/kyukyu_app_web/index.html?A000Q0105,A811,A811Q0101,A812,A812Q0101,A003151,A003151Q0102,A003211,A003211Q0117,A003212,A003212Q0104,A003213",当てはまるものを選んでください。,1.高齢者（65歳以上）ですか？　〔または〕　（女性のみ）妊娠していますか？,"20,A003213Q0101"
"https://www.fdma.go.jp/relocation/neuter/topics/filedList9_6/kyukyu_app/kyukyu_app_web/index.html?A000Q0105,A811,A811Q0101,A812,A812Q0101,A003151,A003151Q0102,A003211,A003211Q0117,A003212,A003212Q0104,A003213",当てはまるものを選んでください。,2.歩くことができない状態ですか？,"20,A003213Q0102"
"https://www.fdma.go.jp/relocation/neuter/topics/filedList9_6/kyukyu_app/kyukyu_app_web/index.html?A000Q0105,A811,A811Q0101,A812,A812Q0101,A003151,A003151Q0102,A003211,A003211Q0117,A003212,A003212Q0104,A003213",当てはまるものを選んでください。,3.糖尿病がありますか？,"20,A003213Q0103"
"https://www.fdma.go.jp/relocation/neuter/topics/filedList9_6/kyukyu_app/kyukyu_app_web/index.html?A000Q0105,A811,A811Q0101,A812,A812Q0101,A003151,A003151Q0102,A003211,A003211Q0117,A003212,A003212Q0104,A003213",当てはまるものを選んでください。,4.慢性腎不全がありますか？,"20,A003213Q0104"
"https://www.fdma.go.jp/relocation/neuter/topics/filedList9_6/kyukyu_app/kyukyu_app_web/index.html?A000Q0105,A811,A811Q0101,A812,A812Q0101,A003151,A003151Q0102,A003211,A003211Q0117,A003212,A003212Q0104,A003213",当てはまるものを選んでください。,5.喫煙歴がありますか？,"20,A003213Q0105"
"https://www.fdma.go.jp/relocation/neuter/topics/filedList9_6/kyukyu_app/kyukyu_app_web/index.html?A000Q0105,A811,A811Q0101,A812,A812Q0101,A003151,A003151Q0102,A003211,A003211Q0117,A003212,A003212Q0104,A003213",当てはまるものを選んでください。,6.高血圧がありますか？,"20,A003213Q0106"
"https://www.fdma.go.jp/relocation/neuter/topics/filedList9_6/kyukyu_app/kyukyu_app_web/index.html?A000Q0105,A811,A811Q0101,A812,A812Q0101,A003151,A003151Q0102,A003211,A003211Q0117,A003212,A003212Q0104,A003213",当てはまるものを選んでください。,どれにもあてはまらない,"21,A003213Q0107"
"https://www.fdma.go.jp/relocation/neuter/topics/filedList9_6/kyukyu_app/kyukyu_app_web/index.html?A000Q0105,A811,A811Q0101,A812,A812Q0101,A003151,A003151Q0102,A003211,A003211Q0117,A003212,A003212Q0105,A003213",当てはまるものを選んでください。,1.高齢者（65歳以上）ですか？　〔または〕　（女性のみ）妊娠していますか？,"20,A003213Q0101"
"https://www.fdma.go.jp/relocation/neuter/topics/filedList9_6/kyukyu_app/kyukyu_app_web/index.html?A000Q0105,A811,A811Q0101,A812,A812Q0101,A003151,A003151Q0102,A003211,A003211Q0117,A003212,A003212Q0105,A003213",当てはまるものを選んでください。,2.歩くことができない状態ですか？,"20,A003213Q0102"
"https://www.fdma.go.jp/relocation/neuter/topics/filedList9_6/kyukyu_app/kyukyu_app_web/index.html?A000Q0105,A811,A811Q0101,A812,A812Q0101,A003151,A003151Q0102,A003211,A003211Q0117,A003212,A003212Q0105,A003213",当てはまるものを選んでください。,3.糖尿病がありますか？,"20,A003213Q0103"
"https://www.fdma.go.jp/relocation/neuter/topics/filedList9_6/kyukyu_app/kyukyu_app_web/index.html?A000Q0105,A811,A811Q0101,A812,A812Q0101,A003151,A003151Q0102,A003211,A003211Q0117,A003212,A003212Q0105,A003213",当てはまるものを選んでください。,4.慢性腎不全がありますか？,"20,A003213Q0104"
"https://www.fdma.go.jp/relocation/neuter/topics/filedList9_6/kyukyu_app/kyukyu_app_web/index.html?A000Q0105,A811,A811Q0101,A812,A812Q0101,A003151,A003151Q0102,A003211,A003211Q0117,A003212,A003212Q0105,A003213",当てはまるものを選んでください。,5.喫煙歴がありますか？,"20,A003213Q0105"
"https://www.fdma.go.jp/relocation/neuter/topics/filedList9_6/kyukyu_app/kyukyu_app_web/index.html?A000Q0105,A811,A811Q0101,A812,A812Q0101,A003151,A003151Q0102,A003211,A003211Q0117,A003212,A003212Q0105,A003213",当てはまるものを選んでください。,6.高血圧がありますか？,"20,A003213Q0106"
"https://www.fdma.go.jp/relocation/neuter/topics/filedList9_6/kyukyu_app/kyukyu_app_web/index.html?A000Q0105,A811,A811Q0101,A812,A812Q0101,A003151,A003151Q0102,A003211,A003211Q0117,A003212,A003212Q0105,A003213",当てはまるものを選んでください。,どれにもあてはまらない,"21,A003213Q0107"
"https://www.fdma.go.jp/relocation/neuter/topics/filedList9_6/kyukyu_app/kyukyu_app_web/index.html?A000Q0105,A811,A811Q0101,A812,A812Q0101,A003151,A003151Q0102,A003211,A003211Q0117,A003212,A003212Q0106,A003213",当てはまるものを選んでください。,1.高齢者（65歳以上）ですか？　〔または〕　（女性のみ）妊娠していますか？,"20,A003213Q0101"
"https://www.fdma.go.jp/relocation/neuter/topics/filedList9_6/kyukyu_app/kyukyu_app_web/index.html?A000Q0105,A811,A811Q0101,A812,A812Q0101,A003151,A003151Q0102,A003211,A003211Q0117,A003212,A003212Q0106,A003213",当てはまるものを選んでください。,2.歩くことができない状態ですか？,"20,A003213Q0102"
"https://www.fdma.go.jp/relocation/neuter/topics/filedList9_6/kyukyu_app/kyukyu_app_web/index.html?A000Q0105,A811,A811Q0101,A812,A812Q0101,A003151,A003151Q0102,A003211,A003211Q0117,A003212,A003212Q0106,A003213",当てはまるものを選んでください。,3.糖尿病がありますか？,"20,A003213Q0103"
"https://www.fdma.go.jp/relocation/neuter/topics/filedList9_6/kyukyu_app/kyukyu_app_web/index.html?A000Q0105,A811,A811Q0101,A812,A812Q0101,A003151,A003151Q0102,A003211,A003211Q0117,A003212,A003212Q0106,A003213",当てはまるものを選んでください。,4.慢性腎不全がありますか？,"20,A003213Q0104"
"https://www.fdma.go.jp/relocation/neuter/topics/filedList9_6/kyukyu_app/kyukyu_app_web/index.html?A000Q0105,A811,A811Q0101,A812,A812Q0101,A003151,A003151Q0102,A003211,A003211Q0117,A003212,A003212Q0106,A003213",当てはまるものを選んでください。,5.喫煙歴がありますか？,"20,A003213Q0105"
"https://www.fdma.go.jp/relocation/neuter/topics/filedList9_6/kyukyu_app/kyukyu_app_web/index.html?A000Q0105,A811,A811Q0101,A812,A812Q0101,A003151,A003151Q0102,A003211,A003211Q0117,A003212,A003212Q0106,A003213",当てはまるものを選んでください。,6.高血圧がありますか？,"20,A003213Q0106"
"https://www.fdma.go.jp/relocation/neuter/topics/filedList9_6/kyukyu_app/kyukyu_app_web/index.html?A000Q0105,A811,A811Q0101,A812,A812Q0101,A003151,A003151Q0102,A003211,A003211Q0117,A003212,A003212Q0106,A003213",当てはまるものを選んでください。,どれにもあてはまらない,"21,A003213Q0107"
"https://www.fdma.go.jp/relocation/neuter/topics/filedList9_6/kyukyu_app/kyukyu_app_web/index.html?A000Q0105,A811,A811Q0101,A812,A812Q0101,A003151,A003151Q0102,A003211,A003211Q0117,A003212,A003212Q0107,A003214",当てはまるものを選んでください。,1.高齢者（65歳以上）ですか？　〔または〕　（女性のみ）妊娠していますか？,"21,A003214Q0101"
"https://www.fdma.go.jp/relocation/neuter/topics/filedList9_6/kyukyu_app/kyukyu_app_web/index.html?A000Q0105,A811,A811Q0101,A812,A812Q0101,A003151,A003151Q0102,A003211,A003211Q0117,A003212,A003212Q0107,A003214",当てはまるものを選んでください。,2.歩くことができない状態ですか？,"21,A003214Q0102"
"https://www.fdma.go.jp/relocation/neuter/topics/filedList9_6/kyukyu_app/kyukyu_app_web/index.html?A000Q0105,A811,A811Q0101,A812,A812Q0101,A003151,A003151Q0102,A003211,A003211Q0117,A003212,A003212Q0107,A003214",当てはまるものを選んでください。,3.糖尿病がありますか？,"21,A003214Q0103"
"https://www.fdma.go.jp/relocation/neuter/topics/filedList9_6/kyukyu_app/kyukyu_app_web/index.html?A000Q0105,A811,A811Q0101,A812,A812Q0101,A003151,A003151Q0102,A003211,A003211Q0117,A003212,A003212Q0107,A003214",当てはまるものを選んでください。,4.慢性腎不全がありますか？,"21,A003214Q0104"
"https://www.fdma.go.jp/relocation/neuter/topics/filedList9_6/kyukyu_app/kyukyu_app_web/index.html?A000Q0105,A811,A811Q0101,A812,A812Q0101,A003151,A003151Q0102,A003211,A003211Q0117,A003212,A003212Q0107,A003214",当てはまるものを選んでください。,5.喫煙歴がありますか？,"21,A003214Q0105"
"https://www.fdma.go.jp/relocation/neuter/topics/filedList9_6/kyukyu_app/kyukyu_app_web/index.html?A000Q0105,A811,A811Q0101,A812,A812Q0101,A003151,A003151Q0102,A003211,A003211Q0117,A003212,A003212Q0107,A003214",当てはまるものを選んでください。,6.高血圧がありますか？,"21,A003214Q0106"
"https://www.fdma.go.jp/relocation/neuter/topics/filedList9_6/kyukyu_app/kyukyu_app_web/index.html?A000Q0105,A811,A811Q0101,A812,A812Q0101,A003151,A003151Q0102,A003211,A003211Q0117,A003212,A003212Q0107,A003214",当てはまるものを選んでください。,どれにもあてはまらない,"22,A003214Q0107"
"https://www.fdma.go.jp/relocation/neuter/topics/filedList9_6/kyukyu_app/kyukyu_app_web/index.html?A000Q0105,A811,A811Q0101,A812,A812Q0101,A003151,A003151Q0106,A003171",当てはまる症状を選んでください。,1.横になると息苦しいですか？　〔または〕　（苦しくて）座らないと息ができませんか？,"20,A003171Q0101"
"https://www.fdma.go.jp/relocation/neuter/topics/filedList9_6/kyukyu_app/kyukyu_app_web/index.html?A000Q0105,A811,A811Q0101,A812,A812Q0101,A003151,A003151Q0106,A003171",当てはまる症状を選んでください。,2.（手持ちの）薬を使ってもまだ苦しいですか　〔または〕　苦しさがとれないですか？,"20,A003171Q0102"
"https://www.fdma.go.jp/relocation/neuter/topics/filedList9_6/kyukyu_app/kyukyu_app_web/index.html?A000Q0105,A811,A811Q0101,A812,A812Q0101,A003151,A003151Q0106,A003171",当てはまる症状を選んでください。,どれにもあてはまらない,"A003172,A003171Q0103"
"https://www.fdma.go.jp/relocation/neuter/topics/filedList9_6/kyukyu_app/kyukyu_app_web/index.html?A000Q0105,A811,A811Q0101,A812,A812Q0101,A003151,A003151Q0106,A003171,A003171Q0103,A003172",当てはまる症状を選んでください。,1.喉（のど）の痛み　〔または〕　風邪のような症状（発熱・寒気・頭痛・咳・鼻水など）はありますか？,"A003173,A003172Q0101"
"https://www.fdma.go.jp/relocation/neuter/topics/filedList9_6/kyukyu_app/kyukyu_app_web/index.html?A000Q0105,A811,A811Q0101,A812,A812Q0101,A003151,A003151Q0106,A003171,A003171Q0103,A003172",当てはまる症状を選んでください。,2.ステロイドを飲んでいますか？　〔または〕　吸入薬を使っていますか？,"A003173,A003172Q0102"
"https://www.fdma.go.jp/relocation/neuter/topics/filedList9_6/kyukyu_app/kyukyu_app_web/index.html?A000Q0105,A811,A811Q0101,A812,A812Q0101,A003151,A003151Q0106,A003171,A003171Q0103,A003172",当てはまる症状を選んでください。,3.吐いた後　〔または〕　むせた後に症状が出ましたか？,"A003173,A003172Q0103"
"https://www.fdma.go.jp/relocation/neuter/topics/filedList9_6/kyukyu_app/kyukyu_app_web/index.html?A000Q0105,A811,A811Q0101,A812,A812Q0101,A003151,A003151Q0106,A003171,A003171Q0103,A003172",当てはまる症状を選んでください。,4.頻繁に　〔または〕　何度か喘息（ぜんそく）で入院したことがありますか？,"A003173,A003172Q0104"
"https://www.fdma.go.jp/relocation/neuter/topics/filedList9_6/kyukyu_app/kyukyu_app_web/index.html?A000Q0105,A811,A811Q0101,A812,A812Q0101,A003151,A003151Q0106,A003171,A003171Q0103,A003172",当てはまる症状を選んでください。,5.集中治療室で治療を受けたことがありますか？,"A003173,A003172Q0105"
"https://www.fdma.go.jp/relocation/neuter/topics/filedList9_6/kyukyu_app/kyukyu_app_web/index.html?A000Q0105,A811,A811Q0101,A812,A812Q0101,A003151,A003151Q0106,A003171,A003171Q0103,A003172",当てはまる症状を選んでください。,6.最近処方された薬は効かないですか？,"A003173,A003172Q0106"
"https://www.fdma.go.jp/relocation/neuter/topics/filedList9_6/kyukyu_app/kyukyu_app_web/index.html?A000Q0105,A811,A811Q0101,A812,A812Q0101,A003151,A003151Q0106,A003171,A003171Q0103,A003172",当てはまる症状を選んでください。,7.黄色や緑色の痰（たん）が出ていますか？,"A003173,A003172Q0107"
"https://www.fdma.go.jp/relocation/neuter/topics/filedList9_6/kyukyu_app/kyukyu_app_web/index.html?A000Q0105,A811,A811Q0101,A812,A812Q0101,A003151,A003151Q0106,A003171,A003171Q0103,A003172",当てはまる症状を選んでください。,どれにもあてはまらない,"A003174,A003172Q0108"
"https://www.fdma.go.jp/relocation/neuter/topics/filedList9_6/kyukyu_app/kyukyu_app_web/index.html?A000Q0105,A811,A811Q0101,A812,A812Q0101,A003151,A003151Q0106,A003171,A003171Q0103,A003172,A003172Q0101,A003173",当てはまるものを選んでください。,1.高齢者（65歳以上）ですか？,"20,A003173Q0101"
"https://www.fdma.go.jp/relocation/neuter/topics/filedList9_6/kyukyu_app/kyukyu_app_web/index.html?A000Q0105,A811,A811Q0101,A812,A812Q0101,A003151,A003151Q0106,A003171,A003171Q0103,A003172,A003172Q0101,A003173",当てはまるものを選んでください。,2.歩くことができない状態ですか？,"20,A003173Q0102"
"https://www.fdma.go.jp/relocation/neuter/topics/filedList9_6/kyukyu_app/kyukyu_app_web/index.html?A000Q0105,A811,A811Q0101,A812,A812Q0101,A003151,A003151Q0106,A003171,A003171Q0103,A003172,A003172Q0101,A003173",当てはまるものを選んでください。,どれにもあてはまらない,"21,A003173Q0103"
"https://www.fdma.go.jp/relocation/neuter/topics/filedList9_6/kyukyu_app/kyukyu_app_web/index.html?A000Q0105,A811,A811Q0101,A812,A812Q0101,A003151,A003151Q0106,A003171,A003171Q0103,A003172,A003172Q0102,A003173",当てはまるものを選んでください。,1.高齢者（65歳以上）ですか？,"20,A003173Q0101"
"https://www.fdma.go.jp/relocation/neuter/topics/filedList9_6/kyukyu_app/kyukyu_app_web/index.html?A000Q0105,A811,A811Q0101,A812,A812Q0101,A003151,A003151Q0106,A003171,A003171Q0103,A003172,A003172Q0102,A003173",当てはまるものを選んでください。,2.歩くことができない状態ですか？,"20,A003173Q0102"
"https://www.fdma.go.jp/relocation/neuter/topics/filedList9_6/kyukyu_app/kyukyu_app_web/index.html?A000Q0105,A811,A811Q0101,A812,A812Q0101,A003151,A003151Q0106,A003171,A003171Q0103,A003172,A003172Q0102,A003173",当てはまるものを選んでください。,どれにもあてはまらない,"21,A003173Q0103"
"https://www.fdma.go.jp/relocation/neuter/topics/filedList9_6/kyukyu_app/kyukyu_app_web/index.html?A000Q0105,A811,A811Q0101,A812,A812Q0101,A003151,A003151Q0106,A003171,A003171Q0103,A003172,A003172Q0103,A003173",当てはまるものを選んでください。,1.高齢者（65歳以上）ですか？,"20,A003173Q0101"
"https://www.fdma.go.jp/relocation/neuter/topics/filedList9_6/kyukyu_app/kyukyu_app_web/index.html?A000Q0105,A811,A811Q0101,A812,A812Q0101,A003151,A003151Q0106,A003171,A003171Q0103,A003172,A003172Q0103,A003173",当てはまるものを選んでください。,2.歩くことができない状態ですか？,"20,A003173Q0102"
"https://www.fdma.go.jp/relocation/neuter/topics/filedList9_6/kyukyu_app/kyukyu_app_web/index.html?A000Q0105,A811,A811Q0101,A812,A812Q0101,A003151,A003151Q0106,A003171,A003171Q0103,A003172,A003172Q0103,A003173",当てはまるものを選んでください。,どれにもあてはまらない,"21,A003173Q0103"
"https://www.fdma.go.jp/relocation/neuter/topics/filedList9_6/kyukyu_app/kyukyu_app_web/index.html?A000Q0105,A811,A811Q0101,A812,A812Q0101,A003151,A003151Q0106,A003171,A003171Q0103,A003172,A003172Q0104,A003173",当てはまるものを選んでください。,1.高齢者（65歳以上）ですか？,"20,A003173Q0101"
"https://www.fdma.go.jp/relocation/neuter/topics/filedList9_6/kyukyu_app/kyukyu_app_web/index.html?A000Q0105,A811,A811Q0101,A812,A812Q0101,A003151,A003151Q0106,A003171,A003171Q0103,A003172,A003172Q0104,A003173",当てはまるものを選んでください。,2.歩くことができない状態ですか？,"20,A003173Q0102"
"https://www.fdma.go.jp/relocation/neuter/topics/filedList9_6/kyukyu_app/kyukyu_app_web/index.html?A000Q0105,A811,A811Q0101,A812,A812Q0101,A003151,A003151Q0106,A003171,A003171Q0103,A003172,A003172Q0104,A003173",当てはまるものを選んでください。,どれにもあてはまらない,"21,A003173Q0103"
"https://www.fdma.go.jp/relocation/neuter/topics/filedList9_6/kyukyu_app/kyukyu_app_web/index.html?A000Q0105,A811,A811Q0101,A812,A812Q0101,A003151,A003151Q0106,A003171,A003171Q0103,A003172,A003172Q0105,A003173",当てはまるものを選んでください。,1.高齢者（65歳以上）ですか？,"20,A003173Q0101"
"https://www.fdma.go.jp/relocation/neuter/topics/filedList9_6/kyukyu_app/kyukyu_app_web/index.html?A000Q0105,A811,A811Q0101,A812,A812Q0101,A003151,A003151Q0106,A003171,A003171Q0103,A003172,A003172Q0105,A003173",当てはまるものを選んでください。,2.歩くことができない状態ですか？,"20,A003173Q0102"
"https://www.fdma.go.jp/relocation/neuter/topics/filedList9_6/kyukyu_app/kyukyu_app_web/index.html?A000Q0105,A811,A811Q0101,A812,A812Q0101,A003151,A003151Q0106,A003171,A003171Q0103,A003172,A003172Q0105,A003173",当てはまるものを選んでください。,どれにもあてはまらない,"21,A003173Q0103"
"https://www.fdma.go.jp/relocation/neuter/topics/filedList9_6/kyukyu_app/kyukyu_app_web/index.html?A000Q0105,A811,A811Q0101,A812,A812Q0101,A003151,A003151Q0106,A003171,A003171Q0103,A003172,A003172Q0106,A003173",当てはまるものを選んでください。,1.高齢者（65歳以上）ですか？,"20,A003173Q0101"
"https://www.fdma.go.jp/relocation/neuter/topics/filedList9_6/kyukyu_app/kyukyu_app_web/index.html?A000Q0105,A811,A811Q0101,A812,A812Q0101,A003151,A003151Q0106,A003171,A003171Q0103,A003172,A003172Q0106,A003173",当てはまるものを選んでください。,2.歩くことができない状態ですか？,"20,A003173Q0102"
"https://www.fdma.go.jp/relocation/neuter/topics/filedList9_6/kyukyu_app/kyukyu_app_web/index.html?A000Q0105,A811,A811Q0101,A812,A812Q0101,A003151,A003151Q0106,A003171,A003171Q0103,A003172,A003172Q0106,A003173",当てはまるものを選んでください。,どれにもあてはまらない,"21,A003173Q0103"
"https://www.fdma.go.jp/relocation/neuter/topics/filedList9_6/kyukyu_app/kyukyu_app_web/index.html?A000Q0105,A811,A811Q0101,A812,A812Q0101,A003151,A003151Q0106,A003171,A003171Q0103,A003172,A003172Q0107,A003173",当てはまるものを選んでください。,1.高齢者（65歳以上）ですか？,"20,A003173Q0101"
"https://www.fdma.go.jp/relocation/neuter/topics/filedList9_6/kyukyu_app/kyukyu_app_web/index.html?A000Q0105,A811,A811Q0101,A812,A812Q0101,A003151,A003151Q0106,A003171,A003171Q0103,A003172,A003172Q0107,A003173",当てはまるものを選んでください。,2.歩くことができない状態ですか？,"20,A003173Q0102"
"https://www.fdma.go.jp/relocation/neuter/topics/filedList9_6/kyukyu_app/kyukyu_app_web/index.html?A000Q0105,A811,A811Q0101,A812,A812Q0101,A003151,A003151Q0106,A003171,A003171Q0103,A003172,A003172Q0107,A003173",当てはまるものを選んでください。,どれにもあてはまらない,"21,A003173Q0103"
"https://www.fdma.go.jp/relocation/neuter/topics/filedList9_6/kyukyu_app/kyukyu_app_web/index.html?A000Q0105,A811,A811Q0101,A812,A812Q0101,A003151,A003151Q0106,A003171,A003171Q0103,A003172,A003172Q0108,A003174",当てはまるものを選んでください。,1.高齢者（65歳以上）ですか？,"21,A003174Q0101"
"https://www.fdma.go.jp/relocation/neuter/topics/filedList9_6/kyukyu_app/kyukyu_app_web/index.html?A000Q0105,A811,A811Q0101,A812,A812Q0101,A003151,A003151Q0106,A003171,A003171Q0103,A003172,A003172Q0108,A003174",当てはまるものを選んでください。,2.歩くことができない状態ですか？,"21,A003174Q0102"
"https://www.fdma.go.jp/relocation/neuter/topics/filedList9_6/kyukyu_app/kyukyu_app_web/index.html?A000Q0105,A811,A811Q0101,A812,A812Q0101,A003151,A003151Q0106,A003171,A003171Q0103,A003172,A003172Q0108,A003174",当てはまるものを選んでください。,どれにもあてはまらない,"22,A003174Q0103"
"https://www.fdma.go.jp/relocation/neuter/topics/filedList9_6/kyukyu_app/kyukyu_app_web/index.html?A000Q0105,A811,A811Q0101,A812,A812Q0101,A003151,A003151Q0110,A003152",当てはまる症状を選んでください。,1.深呼吸をすることができませんか？,"A003154,A003152Q0101"
"https://www.fdma.go.jp/relocation/neuter/topics/filedList9_6/kyukyu_app/kyukyu_app_web/index.html?A000Q0105,A811,A811Q0101,A812,A812Q0101,A003151,A003151Q0110,A003152",当てはまる症状を選んでください。,2.最近、けがをした　〔または〕　手術を受けたことがありますか？,"A003154,A003152Q0102"
"https://www.fdma.go.jp/relocation/neuter/topics/filedList9_6/kyukyu_app/kyukyu_app_web/index.html?A000Q0105,A811,A811Q0101,A812,A812Q0101,A003151,A003151Q0110,A003152",当てはまる症状を選んでください。,3.（女性のみ）最近、出産しましたか？　〔または〕　妊娠の可能性がありますか？　〔または〕　妊娠していますか？,"A003154,A003152Q0103"
"https://www.fdma.go.jp/relocation/neuter/topics/filedList9_6/kyukyu_app/kyukyu_app_web/index.html?A000Q0105,A811,A811Q0101,A812,A812Q0101,A003151,A003151Q0110,A003152",当てはまる症状を選んでください。,4.アレルギーはありますか？,"A003154,A003152Q0104"
"https://www.fdma.go.jp/relocation/neuter/topics/filedList9_6/kyukyu_app/kyukyu_app_web/index.html?A000Q0105,A811,A811Q0101,A812,A812Q0101,A003151,A003151Q0110,A003152",当てはまる症状を選んでください。,5.咳　〔または〕　黄色や緑色の痰（たん）が出ていますか？,"A003154,A003152Q0105"
"https://www.fdma.go.jp/relocation/neuter/topics/filedList9_6/kyukyu_app/kyukyu_app_web/index.html?A000Q0105,A811,A811Q0101,A812,A812Q0101,A003151,A003151Q0110,A003152",当てはまる症状を選んでください。,6.発熱（38℃以上）はありますか？,"A003154,A003152Q0106"
"https://www.fdma.go.jp/relocation/neuter/topics/filedList9_6/kyukyu_app/kyukyu_app_web/index.html?A000Q0105,A811,A811Q0101,A812,A812Q0101,A003151,A003151Q0110,A003152",当てはまる症状を選んでください。,どれにもあてはまらない,"A003153,A003152Q0107"
"https://www.fdma.go.jp/relocation/neuter/topics/filedList9_6/kyukyu_app/kyukyu_app_web/index.html?A000Q0105,A811,A811Q0101,A812,A812Q0101,A003151,A003151Q0110,A003152,A003152Q0101,A003154",当てはまるものを選んでください。,1.高齢者（65歳以上）ですか？,"20,A003154Q0101"
"https://www.fdma.go.jp/relocation/neuter/topics/filedList9_6/kyukyu_app/kyukyu_app_web/index.html?A000Q0105,A811,A811Q0101,A812,A812Q0101,A003151,A003151Q0110,A003152,A003152Q0101,A003154",当てはまるものを選んでください。,2.歩くことができない状態ですか？,"20,A003154Q0102"
"https://www.fdma.go.jp/relocation/neuter/topics/filedList9_6/kyukyu_app/kyukyu_app_web/index.html?A000Q0105,A811,A811Q0101,A812,A812Q0101,A003151,A003151Q0110,A003152,A003152Q0101,A003154",当てはまるものを選んでください。,どれにもあてはまらない,"21,A003154Q0103"
"https://www.fdma.go.jp/relocation/neuter/topics/filedList9_6/kyukyu_app/kyukyu_app_web/index.html?A000Q0105,A811,A811Q0101,A812,A812Q0101,A003151,A003151Q0110,A003152,A003152Q0102,A003154",当てはまるものを選んでください。,1.高齢者（65歳以上）ですか？,"20,A003154Q0101"
"https://www.fdma.go.jp/relocation/neuter/topics/filedList9_6/kyukyu_app/kyukyu_app_web/index.html?A000Q0105,A811,A811Q0101,A812,A812Q0101,A003151,A003151Q0110,A003152,A003152Q0102,A003154",当てはまるものを選んでください。,2.歩くことができない状態ですか？,"20,A003154Q0102"
"https://www.fdma.go.jp/relocation/neuter/topics/filedList9_6/kyukyu_app/kyukyu_app_web/index.html?A000Q0105,A811,A811Q0101,A812,A812Q0101,A003151,A003151Q0110,A003152,A003152Q0102,A003154",当てはまるものを選んでください。,どれにもあてはまらない,"21,A003154Q0103"
"https://www.fdma.go.jp/relocation/neuter/topics/filedList9_6/kyukyu_app/kyukyu_app_web/index.html?A000Q0105,A811,A811Q0101,A812,A812Q0101,A003151,A003151Q0110,A003152,A003152Q0103,A003154",当てはまるものを選んでください。,1.高齢者（65歳以上）ですか？,"20,A003154Q0101"
"https://www.fdma.go.jp/relocation/neuter/topics/filedList9_6/kyukyu_app/kyukyu_app_web/index.html?A000Q0105,A811,A811Q0101,A812,A812Q0101,A003151,A003151Q0110,A003152,A003152Q0103,A003154",当てはまるものを選んでください。,2.歩くことができない状態ですか？,"20,A003154Q0102"
"https://www.fdma.go.jp/relocation/neuter/topics/filedList9_6/kyukyu_app/kyukyu_app_web/index.html?A000Q0105,A811,A811Q0101,A812,A812Q0101,A003151,A003151Q0110,A003152,A003152Q0103,A003154",当てはまるものを選んでください。,どれにもあてはまらない,"21,A003154Q0103"
"https://www.fdma.go.jp/relocation/neuter/topics/filedList9_6/kyukyu_app/kyukyu_app_web/index.html?A000Q0105,A811,A811Q0101,A812,A812Q0101,A003151,A003151Q0110,A003152,A003152Q0104,A003154",当てはまるものを選んでください。,1.高齢者（65歳以上）ですか？,"20,A003154Q0101"
"https://www.fdma.go.jp/relocation/neuter/topics/filedList9_6/kyukyu_app/kyukyu_app_web/index.html?A000Q0105,A811,A811Q0101,A812,A812Q0101,A003151,A003151Q0110,A003152,A003152Q0104,A003154",当てはまるものを選んでください。,2.歩くことができない状態ですか？,"20,A003154Q0102"
"https://www.fdma.go.jp/relocation/neuter/topics/filedList9_6/kyukyu_app/kyukyu_app_web/index.html?A000Q0105,A811,A811Q0101,A812,A812Q0101,A003151,A003151Q0110,A003152,A003152Q0104,A003154",当てはまるものを選んでください。,どれにもあてはまらない,"21,A003154Q0103"
"https://www.fdma.go.jp/relocation/neuter/topics/filedList9_6/kyukyu_app/kyukyu_app_web/index.html?A000Q0105,A811,A811Q0101,A812,A812Q0101,A003151,A003151Q0110,A003152,A003152Q0105,A003154",当てはまるものを選んでください。,1.高齢者（65歳以上）ですか？,"20,A003154Q0101"
"https://www.fdma.go.jp/relocation/neuter/topics/filedList9_6/kyukyu_app/kyukyu_app_web/index.html?A000Q0105,A811,A811Q0101,A812,A812Q0101,A003151,A003151Q0110,A003152,A003152Q0105,A003154",当てはまるものを選んでください。,2.歩くことができない状態ですか？,"20,A003154Q0102"
"https://www.fdma.go.jp/relocation/neuter/topics/filedList9_6/kyukyu_app/kyukyu_app_web/index.html?A000Q0105,A811,A811Q0101,A812,A812Q0101,A003151,A003151Q0110,A003152,A003152Q0105,A003154",当てはまるものを選んでください。,どれにもあてはまらない,"21,A003154Q0103"
"https://www.fdma.go.jp/relocation/neuter/topics/filedList9_6/kyukyu_app/kyukyu_app_web/index.html?A000Q0105,A811,A811Q0101,A812,A812Q0101,A003151,A003151Q0110,A003152,A003152Q0106,A003154",当てはまるものを選んでください。,1.高齢者（65歳以上）ですか？,"20,A003154Q0101"
"https://www.fdma.go.jp/relocation/neuter/topics/filedList9_6/kyukyu_app/kyukyu_app_web/index.html?A000Q0105,A811,A811Q0101,A812,A812Q0101,A003151,A003151Q0110,A003152,A003152Q0106,A003154",当てはまるものを選んでください。,2.歩くことができない状態ですか？,"20,A003154Q0102"
"https://www.fdma.go.jp/relocation/neuter/topics/filedList9_6/kyukyu_app/kyukyu_app_web/index.html?A000Q0105,A811,A811Q0101,A812,A812Q0101,A003151,A003151Q0110,A003152,A003152Q0106,A003154",当てはまるものを選んでください。,どれにもあてはまらない,"21,A003154Q0103"
"https://www.fdma.go.jp/relocation/neuter/topics/filedList9_6/kyukyu_app/kyukyu_app_web/index.html?A000Q0105,A811,A811Q0101,A812,A812Q0101,A003151,A003151Q0110,A003152,A003152Q0107,A003153",当てはまる症状を選んでください。,1.指や顔がしびれたり、ピリピリしたりしますか？,"A003155,A003153Q0101"
"https://www.fdma.go.jp/relocation/neuter/topics/filedList9_6/kyukyu_app/kyukyu_app_web/index.html?A000Q0105,A811,A811Q0101,A812,A812Q0101,A003151,A003151Q0110,A003152,A003152Q0107,A003153",当てはまる症状を選んでください。,2.最近ストレスが多いですか？,"A003155,A003153Q0102"
"https://www.fdma.go.jp/relocation/neuter/topics/filedList9_6/kyukyu_app/kyukyu_app_web/index.html?A000Q0105,A811,A811Q0101,A812,A812Q0101,A003151,A003151Q0110,A003152,A003152Q0107,A003153",当てはまる症状を選んでください。,3.風邪のような症状（発熱・寒気・頭痛・咳・鼻水など）はありますか？,"A003155,A003153Q0103"
"https://www.fdma.go.jp/relocation/neuter/topics/filedList9_6/kyukyu_app/kyukyu_app_web/index.html?A000Q0105,A811,A811Q0101,A812,A812Q0101,A003151,A003151Q0110,A003152,A003152Q0107,A003153",当てはまる症状を選んでください。,どれにもあてはまらない,"23,A003153Q0104"
"https://www.fdma.go.jp/relocation/neuter/topics/filedList9_6/kyukyu_app/kyukyu_app_web/index.html?A000Q0105,A811,A811Q0101,A812,A812Q0101,A003151,A003151Q0110,A003152,A003152Q0107,A003153,A003153Q0101,A003155",当てはまるものを選んでください。,1.高齢者（65歳以上）ですか？,"21,A003155Q0101"
"https://www.fdma.go.jp/relocation/neuter/topics/filedList9_6/kyukyu_app/kyukyu_app_web/index.html?A000Q0105,A811,A811Q0101,A812,A812Q0101,A003151,A003151Q0110,A003152,A003152Q0107,A003153,A003153Q0101,A003155",当てはまるものを選んでください。,2.歩くことができない状態ですか？,"21,A003155Q0102"
"https://www.fdma.go.jp/relocation/neuter/topics/filedList9_6/kyukyu_app/kyukyu_app_web/index.html?A000Q0105,A811,A811Q0101,A812,A812Q0101,A003151,A003151Q0110,A003152,A003152Q0107,A003153,A003153Q0101,A003155",当てはまるものを選んでください。,どれにもあてはまらない,"22,A003155Q0103"
"https://www.fdma.go.jp/relocation/neuter/topics/filedList9_6/kyukyu_app/kyukyu_app_web/index.html?A000Q0105,A811,A811Q0101,A812,A812Q0101,A003151,A003151Q0110,A003152,A003152Q0107,A003153,A003153Q0102,A003155",当てはまるものを選んでください。,1.高齢者（65歳以上）ですか？,"21,A003155Q0101"
"https://www.fdma.go.jp/relocation/neuter/topics/filedList9_6/kyukyu_app/kyukyu_app_web/index.html?A000Q0105,A811,A811Q0101,A812,A812Q0101,A003151,A003151Q0110,A003152,A003152Q0107,A003153,A003153Q0102,A003155",当てはまるものを選んでください。,2.歩くことができない状態ですか？,"21,A003155Q0102"
"https://www.fdma.go.jp/relocation/neuter/topics/filedList9_6/kyukyu_app/kyukyu_app_web/index.html?A000Q0105,A811,A811Q0101,A812,A812Q0101,A003151,A003151Q0110,A003152,A003152Q0107,A003153,A003153Q0102,A003155",当てはまるものを選んでください。,どれにもあてはまらない,"22,A003155Q0103"
"https://www.fdma.go.jp/relocation/neuter/topics/filedList9_6/kyukyu_app/kyukyu_app_web/index.html?A000Q0105,A811,A811Q0101,A812,A812Q0101,A003151,A003151Q0110,A003152,A003152Q0107,A003153,A003153Q0103,A003155",当てはまるものを選んでください。,1.高齢者（65歳以上）ですか？,"21,A003155Q0101"
"https://www.fdma.go.jp/relocation/neuter/topics/filedList9_6/kyukyu_app/kyukyu_app_web/index.html?A000Q0105,A811,A811Q0101,A812,A812Q0101,A003151,A003151Q0110,A003152,A003152Q0107,A003153,A003153Q0103,A003155",当てはまるものを選んでください。,2.歩くことができない状態ですか？,"21,A003155Q0102"
"https://www.fdma.go.jp/relocation/neuter/topics/filedList9_6/kyukyu_app/kyukyu_app_web/index.html?A000Q0105,A811,A811Q0101,A812,A812Q0101,A003151,A003151Q0110,A003152,A003152Q0107,A003153,A003153Q0103,A003155",当てはまるものを選んでください。,どれにもあてはまらない,"22,A003155Q0103"
"https://www.fdma.go.jp/relocation/neuter/topics/filedList9_6/kyukyu_app/kyukyu_app_web/index.html?A000Q0105,A811,A811Q0101,A812,A812Q0102,A813",顔色、唇、耳の色が悪いですか？ 冷や汗をかいていますか？ ,はい,"20,A813Q0101"
"https://www.fdma.go.jp/relocation/neuter/topics/filedList9_6/kyukyu_app/kyukyu_app_web/index.html?A000Q0105,A811,A811Q0101,A812,A812Q0102,A813",顔色、唇、耳の色が悪いですか？ 冷や汗をかいていますか？ ,いいえ,"A814,A813Q0102"
"https://www.fdma.go.jp/relocation/neuter/topics/filedList9_6/kyukyu_app/kyukyu_app_web/index.html?A000Q0105,A811,A811Q0101,A812,A812Q0102,A813,A813Q0102,A814",しっかりと受け答えが出来ますか？ ,はい,"A002,A814Q0101"
"https://www.fdma.go.jp/relocation/neuter/topics/filedList9_6/kyukyu_app/kyukyu_app_web/index.html?A000Q0105,A811,A811Q0101,A812,A812Q0102,A813,A813Q0102,A814",しっかりと受け答えが出来ますか？ ,いいえ,"A003181,A814Q0102"
"https://www.fdma.go.jp/relocation/neuter/topics/filedList9_6/kyukyu_app/kyukyu_app_web/index.html?A000Q0105,A811,A811Q0101,A812,A812Q0102,A813,A813Q0102,A814,A814Q0101,A002",こどもか大人か選んでください。,大人（16歳以上）,"A003,A002Q0101"
"https://www.fdma.go.jp/relocation/neuter/topics/filedList9_6/kyukyu_app/kyukyu_app_web/index.html?A000Q0105,A811,A811Q0101,A812,A812Q0102,A813,A813Q0102,A814,A814Q0101,A002",こどもか大人か選んでください。,こども,"A004,A002Q0102"
"https://www.fdma.go.jp/relocation/neuter/topics/filedList9_6/kyukyu_app/kyukyu_app_web/index.html?A000Q0105,A811,A811Q0101,A812,A812Q0102,A813,A813Q0102,A814,A814Q0101,A002,A002Q0101,A003",当てはまるものを選んでください。,鼻のけが・鼻血（大人・こども）,"A003011,A003Q0101"
"https://www.fdma.go.jp/relocation/neuter/topics/filedList9_6/kyukyu_app/kyukyu_app_web/index.html?A000Q0105,A811,A811Q0101,A812,A812Q0102,A813,A813Q0102,A814,A814Q0101,A002,A002Q0101,A003",当てはまるものを選んでください。,口の中や歯の問題（大人・こども）,"A003021,A003Q0102"
"https://www.fdma.go.jp/relocation/neuter/topics/filedList9_6/kyukyu_app/kyukyu_app_web/index.html?A000Q0105,A811,A811Q0101,A812,A812Q0102,A813,A813Q0102,A814,A814Q0101,A002,A002Q0101,A003",当てはまるものを選んでください。,手や腕の問題（大人・こども）,"A003031,A003Q0103"
"https://www.fdma.go.jp/relocation/neuter/topics/filedList9_6/kyukyu_app/kyukyu_app_web/index.html?A000Q0105,A811,A811Q0101,A812,A812Q0102,A813,A813Q0102,A814,A814Q0101,A002,A002Q0101,A003",当てはまるものを選んでください。,足（太もものつけ根から足首）の問題（大人・こども）,"A003041,A003Q0104"
"https://www.fdma.go.jp/relocation/neuter/topics/filedList9_6/kyukyu_app/kyukyu_app_web/index.html?A000Q0105,A811,A811Q0101,A812,A812Q0102,A813,A813Q0102,A814,A814Q0101,A002,A002Q0101,A003",当てはまるものを選んでください。,足首から先の問題（大人・こども）,"A003051,A003Q0105"
"https://www.fdma.go.jp/relocation/neuter/topics/filedList9_6/kyukyu_app/kyukyu_app_web/index.html?A000Q0105,A811,A811Q0101,A812,A812Q0102,A813,A813Q0102,A814,A814Q0101,A002,A002Q0101,A003",当てはまるものを選んでください。,咬まれた・刺された（大人・こども）,"A0030601,A003Q0106"
"https://www.fdma.go.jp/relocation/neuter/topics/filedList9_6/kyukyu_app/kyukyu_app_web/index.html?A000Q0105,A811,A811Q0101,A812,A812Q0102,A813,A813Q0102,A814,A814Q0101,A002,A002Q0101,A003",当てはまるものを選んでください。,やけど（大人・こども）,"A003071,A003Q0107"
"https://www.fdma.go.jp/relocation/neuter/topics/filedList9_6/kyukyu_app/kyukyu_app_web/index.html?A000Q0105,A811,A811Q0101,A812,A812Q0102,A813,A813Q0102,A814,A814Q0101,A002,A002Q0101,A003",当てはまるものを選んでください。,眼のけが（大人・こども）,"A003081,A003Q0108"
"https://www.fdma.go.jp/relocation/neuter/topics/filedList9_6/kyukyu_app/kyukyu_app_web/index.html?A000Q0105,A811,A811Q0101,A812,A812Q0102,A813,A813Q0102,A814,A814Q0101,A002,A002Q0101,A003",当てはまるものを選んでください。,手足・顔面のけが（大人・こども）,"A003091,A003Q0109"
"https://www.fdma.go.jp/relocation/neuter/topics/filedList9_6/kyukyu_app/kyukyu_app_web/index.html?A000Q0105,A811,A811Q0101,A812,A812Q0102,A813,A813Q0102,A814,A814Q0101,A002,A002Q0101,A003",当てはまるものを選んでください。,胸やおなかをぶつけた・胸やおなかに刺さった（大人・こども）,"A003101,A003Q0110"
"https://www.fdma.go.jp/relocation/neuter/topics/filedList9_6/kyukyu_app/kyukyu_app_web/index.html?A000Q0105,A811,A811Q0101,A812,A812Q0102,A813,A813Q0102,A814,A814Q0101,A002,A002Q0101,A003",当てはまるものを選んでください。,何か固形物を飲み込んだ（大人・こども）,"A003111,A003Q0111"
"https://www.fdma.go.jp/relocation/neuter/topics/filedList9_6/kyukyu_app/kyukyu_app_web/index.html?A000Q0105,A811,A811Q0101,A812,A812Q0102,A813,A813Q0102,A814,A814Q0101,A002,A002Q0101,A003",当てはまるものを選んでください。,何か液体を飲んだ（大人・こども）,"A003121,A003Q0112"
"https://www.fdma.go.jp/relocation/neuter/topics/filedList9_6/kyukyu_app/kyukyu_app_web/index.html?A000Q0105,A811,A811Q0101,A812,A812Q0102,A813,A813Q0102,A814,A814Q0101,A002,A002Q0101,A003",当てはまるものを選んでください。,薬をたくさん飲んだ・間違った薬を飲んだ（大人・こども）,"A003131,A003Q0113"
"https://www.fdma.go.jp/relocation/neuter/topics/filedList9_6/kyukyu_app/kyukyu_app_web/index.html?A000Q0105,A811,A811Q0101,A812,A812Q0102,A813,A813Q0102,A814,A814Q0101,A002,A002Q0101,A003",当てはまるものを選んでください。,熱中症（大人・こども）,"A003141,A003Q0114"
"https://www.fdma.go.jp/relocation/neuter/topics/filedList9_6/kyukyu_app/kyukyu_app_web/index.html?A000Q0105,A811,A811Q0101,A812,A812Q0102,A813,A813Q0102,A814,A814Q0101,A002,A002Q0101,A003",当てはまるものを選んでください。,息が苦しい,"A003151,A003Q0115"
"https://www.fdma.go.jp/relocation/neuter/topics/filedList9_6/kyukyu_app/kyukyu_app_web/index.html?A000Q0105,A811,A811Q0101,A812,A812Q0102,A813,A813Q0102,A814,A814Q0101,A002,A002Q0101,A003",当てはまるものを選んでください。,呼吸がゼーゼーする,"A003161,A003Q0116"
"https://www.fdma.go.jp/relocation/neuter/topics/filedList9_6/kyukyu_app/kyukyu_app_web/index.html?A000Q0105,A811,A811Q0101,A812,A812Q0102,A813,A813Q0102,A814,A814Q0101,A002,A002Q0101,A003",当てはまるものを選んでください。,動悸（胸がドキドキする）,"A0031651,A003Q01165"
"https://www.fdma.go.jp/relocation/neuter/topics/filedList9_6/kyukyu_app/kyukyu_app_web/index.html?A000Q0105,A811,A811Q0101,A812,A812Q0102,A813,A813Q0102,A814,A814Q0101,A002,A002Q0101,A003",当てはまるものを選んでください。,ぜんそく発作,"A003171,A003Q0117"
"https://www.fdma.go.jp/relocation/neuter/topics/filedList9_6/kyukyu_app/kyukyu_app_web/index.html?A000Q0105,A811,A811Q0101,A812,A812Q0102,A813,A813Q0102,A814,A814Q0101,A002,A002Q0101,A003",当てはまるものを選んでください。,意識がおかしい,"A003181,A003Q0118"
"https://www.fdma.go.jp/relocation/neuter/topics/filedList9_6/kyukyu_app/kyukyu_app_web/index.html?A000Q0105,A811,A811Q0101,A812,A812Q0102,A813,A813Q0102,A814,A814Q0101,A002,A002Q0101,A003",当てはまるものを選んでください。,けいれん,"A003191,A003Q0119"
"https://www.fdma.go.jp/relocation/neuter/topics/filedList9_6/kyukyu_app/kyukyu_app_web/index.html?A000Q0105,A811,A811Q0101,A812,A812Q0102,A813,A813Q0102,A814,A814Q0101,A002,A002Q0101,A003",当てはまるものを選んでください。,頭痛,"A003201,A003Q0120"
"https://www.fdma.go.jp/relocation/neuter/topics/filedList9_6/kyukyu_app/kyukyu_app_web/index.html?A000Q0105,A811,A811Q0101,A812,A812Q0102,A813,A813Q0102,A814,A814Q0101,A002,A002Q0101,A003",当てはまるものを選んでください。,胸が痛い,"A003211,A003Q0121"
"https://www.fdma.go.jp/relocation/neuter/topics/filedList9_6/kyukyu_app/kyukyu_app_web/index.html?A000Q0105,A811,A811Q0101,A812,A812Q0102,A813,A813Q0102,A814,A814Q0101,A002,A002Q0101,A003",当てはまるものを選んでください。,背中が痛い,"A003221,A003Q0122"
"https://www.fdma.go.jp/relocation/neuter/topics/filedList9_6/kyukyu_app/kyukyu_app_web/index.html?A000Q0105,A811,A811Q0101,A812,A812Q0102,A813,A813Q0102,A814,A814Q0101,A002,A002Q0101,A003",当てはまるものを選んでください。,ろれつが回らない,"A003231,A003Q0123"
"https://www.fdma.go.jp/relocation/neuter/topics/filedList9_6/kyukyu_app/kyukyu_app_web/index.html?A000Q0105,A811,A811Q0101,A812,A812Q0102,A813,A813Q0102,A814,A814Q0101,A002,A002Q0101,A003",当てはまるものを選んでください。,風邪をひいた,"A003241,A003Q0124"
"https://www.fdma.go.jp/relocation/neuter/topics/filedList9_6/kyukyu_app/kyukyu_app_web/index.html?A000Q0105,A811,A811Q0101,A812,A812Q0102,A813,A813Q0102,A814,A814Q0101,A002,A002Q0101,A003",当てはまるものを選んでください。,発熱,"A003251,A003Q0125"
"https://www.fdma.go.jp/relocation/neuter/topics/filedList9_6/kyukyu_app/kyukyu_app_web/index.html?A000Q0105,A811,A811Q0101,A812,A812Q0102,A813,A813Q0102,A814,A814Q0101,A002,A002Q0101,A003",当てはまるものを選んでください。,発疹,"A003261,A003Q0126"
"https://www.fdma.go.jp/relocation/neuter/topics/filedList9_6/kyukyu_app/kyukyu_app_web/index.html?A000Q0105,A811,A811Q0101,A812,A812Q0102,A813,A813Q0102,A814,A814Q0101,A002,A002Q0101,A003",当てはまるものを選んでください。,のどが痛い,"A003271,A003Q0127"
"https://www.fdma.go.jp/relocation/neuter/topics/filedList9_6/kyukyu_app/kyukyu_app_web/index.html?A000Q0105,A811,A811Q0101,A812,A812Q0102,A813,A813Q0102,A814,A814Q0101,A002,A002Q0101,A003",当てはまるものを選んでください。,腹痛,"A003281,A003Q0128"
"https://www.fdma.go.jp/relocation/neuter/topics/filedList9_6/kyukyu_app/kyukyu_app_web/index.html?A000Q0105,A811,A811Q0101,A812,A812Q0102,A813,A813Q0102,A814,A814Q0101,A002,A002Q0101,A003",当てはまるものを選んでください。,便秘,"A003291,A003Q0129"
"https://www.fdma.go.jp/relocation/neuter/topics/filedList9_6/kyukyu_app/kyukyu_app_web/index.html?A000Q0105,A811,A811Q0101,A812,A812Q0102,A813,A813Q0102,A814,A814Q0101,A002,A002Q0101,A003",当てはまるものを選んでください。,下痢,"A003301,A003Q0130"
"https://www.fdma.go.jp/relocation/neuter/topics/filedList9_6/kyukyu_app/kyukyu_app_web/index.html?A000Q0105,A811,A811Q0101,A812,A812Q0102,A813,A813Q0102,A814,A814Q0101,A002,A002Q0101,A003",当てはまるものを選んでください。,吐き気・吐いた,"A003311,A003Q0131"
"https://www.fdma.go.jp/relocation/neuter/topics/filedList9_6/kyukyu_app/kyukyu_app_web/index.html?A000Q0105,A811,A811Q0101,A812,A812Q0102,A813,A813Q0102,A814,A814Q0101,A002,A002Q0101,A003",当てはまるものを選んでください。,吐血・下血・血便,"A003321,A003Q0132"
"https://www.fdma.go.jp/relocation/neuter/topics/filedList9_6/kyukyu_app/kyukyu_app_web/index.html?A000Q0105,A811,A811Q0101,A812,A812Q0102,A813,A813Q0102,A814,A814Q0101,A002,A002Q0101,A003",当てはまるものを選んでください。,尿が出にくい（大人・こども）,"A003331,A003Q0133"
"https://www.fdma.go.jp/relocation/neuter/topics/filedList9_6/kyukyu_app/kyukyu_app_web/index.html?A000Q0105,A811,A811Q0101,A812,A812Q0102,A813,A813Q0102,A814,A814Q0101,A002,A002Q0101,A003",当てはまるものを選んでください。,膣からの出血,"A003341,A003Q0134"
"https://www.fdma.go.jp/relocation/neuter/topics/filedList9_6/kyukyu_app/kyukyu_app_web/index.html?A000Q0105,A811,A811Q0101,A812,A812Q0102,A813,A813Q0102,A814,A814Q0101,A002,A002Q0101,A003",当てはまるものを選んでください。,めまい・ふらつき,"A003351,A003Q0135"
"https://www.fdma.go.jp/relocation/neuter/topics/filedList9_6/kyukyu_app/kyukyu_app_web/index.html?A000Q0105,A811,A811Q0101,A812,A812Q0102,A813,A813Q0102,A814,A814Q0101,A002,A002Q0101,A003",当てはまるものを選んでください。,しびれ,"A003361,A003Q0136"
"https://www.fdma.go.jp/relocation/neuter/topics/filedList9_6/kyukyu_app/kyukyu_app_web/index.html?A000Q0105,A811,A811Q0101,A812,A812Q0102,A813,A813Q0102,A814,A814Q0101,A002,A002Q0101,A003",当てはまるものを選んでください。,眼科関連,"A003371,A003Q0137"
"https://www.fdma.go.jp/relocation/neuter/topics/filedList9_6/kyukyu_app/kyukyu_app_web/index.html?A000Q0105,A811,A811Q0101,A812,A812Q0102,A813,A813Q0102,A814,A814Q0101,A002,A002Q0101,A003",当てはまるものを選んでください。,くびが痛い・肩が痛い,"A003381,A003Q0138"
"https://www.fdma.go.jp/relocation/neuter/topics/filedList9_6/kyukyu_app/kyukyu_app_web/index.html?A000Q0105,A811,A811Q0101,A812,A812Q0102,A813,A813Q0102,A814,A814Q0101,A002,A002Q0101,A003",当てはまるものを選んでください。,腰痛,"A003391,A003Q0139"
"https://www.fdma.go.jp/relocation/neuter/topics/filedList9_6/kyukyu_app/kyukyu_app_web/index.html?A000Q0105,A811,A811Q0101,A812,A812Q0102,A813,A813Q0102,A814,A814Q0101,A002,A002Q0101,A003",当てはまるものを選んでください。,アレルギー（大人・こども）,"A003401,A003Q0140"
"https://www.fdma.go.jp/relocation/neuter/topics/filedList9_6/kyukyu_app/kyukyu_app_web/index.html?A000Q0105,A811,A811Q0101,A812,A812Q0102,A813,A813Q0102,A814,A814Q0101,A002,A002Q0101,A003",当てはまるものを選んでください。,高血圧,"A003411,A003Q0141"
"https://www.fdma.go.jp/relocation/neuter/topics/filedList9_6/kyukyu_app/kyukyu_app_web/index.html?A000Q0105,A811,A811Q0101,A812,A812Q0102,A813,A813Q0102,A814,A814Q0101,A002,A002Q0101,A003",当てはまるものを選んでください。,頭のけが,"A003421,A003Q0142"
"https://www.fdma.go.jp/relocation/neuter/topics/filedList9_6/kyukyu_app/kyukyu_app_web/index.html?A000Q0105,A811,A811Q0101,A812,A812Q0102,A813,A813Q0102,A814,A814Q0101,A002,A002Q0101,A003,A003Q0101,A003011",当てはまる症状を選んでください。,1.鼻のけがをしてから、頭痛　〔または〕　眼やその周囲の痛みがありますか？,"20,A003011Q0101"
"https://www.fdma.go.jp/relocation/neuter/topics/filedList9_6/kyukyu_app/kyukyu_app_web/index.html?A000Q0105,A811,A811Q0101,A812,A812Q0102,A813,A813Q0102,A814,A814Q0101,A002,A002Q0101,A003,A003Q0101,A003011",当てはまる症状を選んでください。,2.鼻のけがをしてから、息がしづらいですか？　〔または〕　しゃべりにくいですか？,"20,A003011Q0102"
"https://www.fdma.go.jp/relocation/neuter/topics/filedList9_6/kyukyu_app/kyukyu_app_web/index.html?A000Q0105,A811,A811Q0101,A812,A812Q0102,A813,A813Q0102,A814,A814Q0101,A002,A002Q0101,A003,A003Q0101,A003011",当てはまる症状を選んでください。,3.鼻のけがをしてから、吐き気がありますか？　〔または〕　吐きましたか？,"20,A003011Q0103"
"https://www.fdma.go.jp/relocation/neuter/topics/filedList9_6/kyukyu_app/kyukyu_app_web/index.html?A000Q0105,A811,A811Q0101,A812,A812Q0102,A813,A813Q0102,A814,A814Q0101,A002,A002Q0101,A003,A003Q0101,A003011",当てはまる症状を選んでください。,4.鼻のけがをしてから、意識がもうろうとしていますか？,"20,A003011Q0104"
"https://www.fdma.go.jp/relocation/neuter/topics/filedList9_6/kyukyu_app/kyukyu_app_web/index.html?A000Q0105,A811,A811Q0101,A812,A812Q0102,A813,A813Q0102,A814,A814Q0101,A002,A002Q0101,A003,A003Q0101,A003011",当てはまる症状を選んでください。,5.鼻のけがをしてから、視力障害（二重に見える・もやがかかっているように見える・見える範囲が欠けている・見える範囲が狭いなど見えかたの変化）がありますか？,"20,A003011Q0105"
"https://www.fdma.go.jp/relocation/neuter/topics/filedList9_6/kyukyu_app/kyukyu_app_web/index.html?A000Q0105,A811,A811Q0101,A812,A812Q0102,A813,A813Q0102,A814,A814Q0101,A002,A002Q0101,A003,A003Q0101,A003011",当てはまる症状を選んでください。,6.鼻のけがをしてから、動きや話の様子が普段と違っていますか？,"20,A003011Q0106"
"https://www.fdma.go.jp/relocation/neuter/topics/filedList9_6/kyukyu_app/kyukyu_app_web/index.html?A000Q0105,A811,A811Q0101,A812,A812Q0102,A813,A813Q0102,A814,A814Q0101,A002,A002Q0101,A003,A003Q0101,A003011",当てはまる症状を選んでください。,7.鼻のけがをしてから、透明の鼻水が継続して出ていますか？　〔または〕　耳の穴から出血　〔または〕　透明の耳だれがありますか？,"20,A003011Q0107"
"https://www.fdma.go.jp/relocation/neuter/topics/filedList9_6/kyukyu_app/kyukyu_app_web/index.html?A000Q0105,A811,A811Q0101,A812,A812Q0102,A813,A813Q0102,A814,A814Q0101,A002,A002Q0101,A003,A003Q0101,A003011",当てはまる症状を選んでください。,8.鼻血が圧迫止血をしても30分以上継続していますか？,"20,A003011Q0108"
"https://www.fdma.go.jp/relocation/neuter/topics/filedList9_6/kyukyu_app/kyukyu_app_web/index.html?A000Q0105,A811,A811Q0101,A812,A812Q0102,A813,A813Q0102,A814,A814Q0101,A002,A002Q0101,A003,A003Q0101,A003011",当てはまる症状を選んでください。,9.鼻血が多いですか？（コップ1杯以上・約100cc以上）。,"20,A003011Q0109"
"https://www.fdma.go.jp/relocation/neuter/topics/filedList9_6/kyukyu_app/kyukyu_app_web/index.html?A000Q0105,A811,A811Q0101,A812,A812Q0102,A813,A813Q0102,A814,A814Q0101,A002,A002Q0101,A003,A003Q0101,A003011",当てはまる症状を選んでください。,10.鼻がくぼんでいますか？　〔または〕　曲がっていますか？,"20,A003011Q0110"
"https://www.fdma.go.jp/relocation/neuter/topics/filedList9_6/kyukyu_app/kyukyu_app_web/index.html?A000Q0105,A811,A811Q0101,A812,A812Q0102,A813,A813Q0102,A814,A814Q0101,A002,A002Q0101,A003,A003Q0101,A003011",当てはまる症状を選んでください。,11.眼の周りがはれていますか？,"20,A003011Q0111"
"https://www.fdma.go.jp/relocation/neuter/topics/filedList9_6/kyukyu_app/kyukyu_app_web/index.html?A000Q0105,A811,A811Q0101,A812,A812Q0102,A813,A813Q0102,A814,A814Q0101,A002,A002Q0101,A003,A003Q0101,A003011",当てはまる症状を選んでください。,12.鼻に大きなきずがありますか？,"20,A003011Q0112"
"https://www.fdma.go.jp/relocation/neuter/topics/filedList9_6/kyukyu_app/kyukyu_app_web/index.html?A000Q0105,A811,A811Q0101,A812,A812Q0102,A813,A813Q0102,A814,A814Q0101,A002,A002Q0101,A003,A003Q0101,A003011",当てはまる症状を選んでください。,どれにもあてはまらない,"A003012,A003011Q0113"
"https://www.fdma.go.jp/relocation/neuter/topics/filedList9_6/kyukyu_app/kyukyu_app_web/index.html?A000Q0105,A811,A811Q0101,A812,A812Q0102,A813,A813Q0102,A814,A814Q0101,A002,A002Q0101,A003,A003Q0101,A003011,A003011Q0113,A003012",当てはまる症状を選んでください。,1.最近頻繁に鼻血を繰り返していますか？,"A003013,A003012Q0101"
"https://www.fdma.go.jp/relocation/neuter/topics/filedList9_6/kyukyu_app/kyukyu_app_web/index.html?A000Q0105,A811,A811Q0101,A812,A812Q0102,A813,A813Q0102,A814,A814Q0101,A002,A002Q0101,A003,A003Q0101,A003011,A003011Q0113,A003012",当てはまる症状を選んでください。,2.血は止まりましたか？,"A003013,A003012Q0102"
"https://www.fdma.go.jp/relocation/neuter/topics/filedList9_6/kyukyu_app/kyukyu_app_web/index.html?A000Q0105,A811,A811Q0101,A812,A812Q0102,A813,A813Q0102,A814,A814Q0101,A002,A002Q0101,A003,A003Q0101,A003011,A003011Q0113,A003012",当てはまる症状を選んでください。,3.止まりそうだが心配ですか？,"A003013,A003012Q0103"
"https://www.fdma.go.jp/relocation/neuter/topics/filedList9_6/kyukyu_app/kyukyu_app_web/index.html?A000Q0105,A811,A811Q0101,A812,A812Q0102,A813,A813Q0102,A814,A814Q0101,A002,A002Q0101,A003,A003Q0101,A003011,A003011Q0113,A003012",当てはまる症状を選んでください。,4.鼻のはれがありますか？,"A003013,A003012Q0104"
"https://www.fdma.go.jp/relocation/neuter/topics/filedList9_6/kyukyu_app/kyukyu_app_web/index.html?A000Q0105,A811,A811Q0101,A812,A812Q0102,A813,A813Q0102,A814,A814Q0101,A002,A002Q0101,A003,A003Q0101,A003011,A003011Q0113,A003012",当てはまる症状を選んでください。,5.鼻の痛みがありますか？,"A003013,A003012Q0105"
"https://www.fdma.go.jp/relocation/neuter/topics/filedList9_6/kyukyu_app/kyukyu_app_web/index.html?A000Q0105,A811,A811Q0101,A812,A812Q0102,A813,A813Q0102,A814,A814Q0101,A002,A002Q0101,A003,A003Q0101,A003011,A003011Q0113,A003012",当てはまる症状を選んでください。,6.鼻に打撲痕（内出血）　〔または〕　小さなすり傷　〔または〕　切り傷がありますか？,"A003013,A003012Q0106"
"https://www.fdma.go.jp/relocation/neuter/topics/filedList9_6/kyukyu_app/kyukyu_app_web/index.html?A000Q0105,A811,A811Q0101,A812,A812Q0102,A813,A813Q0102,A814,A814Q0101,A002,A002Q0101,A003,A003Q0101,A003011,A003011Q0113,A003012",当てはまる症状を選んでください。,7.鼻がつまっていますか？,"A003013,A003012Q0107"
"https://www.fdma.go.jp/relocation/neuter/topics/filedList9_6/kyukyu_app/kyukyu_app_web/index.html?A000Q0105,A811,A811Q0101,A812,A812Q0102,A813,A813Q0102,A814,A814Q0101,A002,A002Q0101,A003,A003Q0101,A003011,A003011Q0113,A003012",当てはまる症状を選んでください。,どれにもあてはまらない,"23,A003012Q0108"
"https://www.fdma.go.jp/relocation/neuter/topics/filedList9_6/kyukyu_app/kyukyu_app_web/index.html?A000Q0105,A811,A811Q0101,A812,A812Q0102,A813,A813Q0102,A814,A814Q0101,A002,A002Q0101,A003,A003Q0101,A003011,A003011Q0113,A003012,A003012Q0101,A003013",当てはまるものを選んでください。,1.高齢者（65歳以上）ですか？　〔または〕　未就学児（6歳未満）ですか？　〔または〕　（女性のみ）妊娠していますか？,"21,A003013Q0101"
"https://www.fdma.go.jp/relocation/neuter/topics/filedList9_6/kyukyu_app/kyukyu_app_web/index.html?A000Q0105,A811,A811Q0101,A812,A812Q0102,A813,A813Q0102,A814,A814Q0101,A002,A002Q0101,A003,A003Q0101,A003011,A003011Q0113,A003012,A003012Q0101,A003013",当てはまるものを選んでください。,2.歩くことができない状態ですか？,"21,A003013Q0102"
"https://www.fdma.go.jp/relocation/neuter/topics/filedList9_6/kyukyu_app/kyukyu_app_web/index.html?A000Q0105,A811,A811Q0101,A812,A812Q0102,A813,A813Q0102,A814,A814Q0101,A002,A002Q0101,A003,A003Q0101,A003011,A003011Q0113,A003012,A003012Q0101,A003013",当てはまるものを選んでください。,3.抗凝固薬（血液をさらさらにする薬）などをのんでいますか？,"21,A003013Q0103"
"https://www.fdma.go.jp/relocation/neuter/topics/filedList9_6/kyukyu_app/kyukyu_app_web/index.html?A000Q0105,A811,A811Q0101,A812,A812Q0102,A813,A813Q0102,A814,A814Q0101,A002,A002Q0101,A003,A003Q0101,A003011,A003011Q0113,A003012,A003012Q0101,A003013",当てはまるものを選んでください。,どれにもあてはまらない,"22,A003013Q0104"
"https://www.fdma.go.jp/relocation/neuter/topics/filedList9_6/kyukyu_app/kyukyu_app_web/index.html?A000Q0105,A811,A811Q0101,A812,A812Q0102,A813,A813Q0102,A814,A814Q0101,A002,A002Q0101,A003,A003Q0101,A003011,A003011Q0113,A003012,A003012Q0102,A003013",当てはまるものを選んでください。,1.高齢者（65歳以上）ですか？　〔または〕　未就学児（6歳未満）ですか？　〔または〕　（女性のみ）妊娠していますか？,"21,A003013Q0101"
"https://www.fdma.go.jp/relocation/neuter/topics/filedList9_6/kyukyu_app/kyukyu_app_web/index.html?A000Q0105,A811,A811Q0101,A812,A812Q0102,A813,A813Q0102,A814,A814Q0101,A002,A002Q0101,A003,A003Q0101,A003011,A003011Q0113,A003012,A003012Q0102,A003013",当てはまるものを選んでください。,2.歩くことができない状態ですか？,"21,A003013Q0102"
"https://www.fdma.go.jp/relocation/neuter/topics/filedList9_6/kyukyu_app/kyukyu_app_web/index.html?A000Q0105,A811,A811Q0101,A812,A812Q0102,A813,A813Q0102,A814,A814Q0101,A002,A002Q0101,A003,A003Q0101,A003011,A003011Q0113,A003012,A003012Q0102,A003013",当てはまるものを選んでください。,3.抗凝固薬（血液をさらさらにする薬）などをのんでいますか？,"21,A003013Q0103"
"https://www.fdma.go.jp/relocation/neuter/topics/filedList9_6/kyukyu_app/kyukyu_app_web/index.html?A000Q0105,A811,A811Q0101,A812,A812Q0102,A813,A813Q0102,A814,A814Q0101,A002,A002Q0101,A003,A003Q0101,A003011,A003011Q0113,A003012,A003012Q0102,A003013",当てはまるものを選んでください。,どれにもあてはまらない,"22,A003013Q0104"
"https://www.fdma.go.jp/relocation/neuter/topics/filedList9_6/kyukyu_app/kyukyu_app_web/index.html?A000Q0105,A811,A811Q0101,A812,A812Q0102,A813,A813Q0102,A814,A814Q0101,A002,A002Q0101,A003,A003Q0101,A003011,A003011Q0113,A003012,A003012Q0103,A003013",当てはまるものを選んでください。,1.高齢者（65歳以上）ですか？　〔または〕　未就学児（6歳未満）ですか？　〔または〕　（女性のみ）妊娠していますか？,"21,A003013Q0101"
"https://www.fdma.go.jp/relocation/neuter/topics/filedList9_6/kyukyu_app/kyukyu_app_web/index.html?A000Q0105,A811,A811Q0101,A812,A812Q0102,A813,A813Q0102,A814,A814Q0101,A002,A002Q0101,A003,A003Q0101,A003011,A003011Q0113,A003012,A003012Q0103,A003013",当てはまるものを選んでください。,2.歩くことができない状態ですか？,"21,A003013Q0102"
"https://www.fdma.go.jp/relocation/neuter/topics/filedList9_6/kyukyu_app/kyukyu_app_web/index.html?A000Q0105,A811,A811Q0101,A812,A812Q0102,A813,A813Q0102,A814,A814Q0101,A002,A002Q0101,A003,A003Q0101,A003011,A003011Q0113,A003012,A003012Q0103,A003013",当てはまるものを選んでください。,3.抗凝固薬（血液をさらさらにする薬）などをのんでいますか？,"21,A003013Q0103"
"https://www.fdma.go.jp/relocation/neuter/topics/filedList9_6/kyukyu_app/kyukyu_app_web/index.html?A000Q0105,A811,A811Q0101,A812,A812Q0102,A813,A813Q0102,A814,A814Q0101,A002,A002Q0101,A003,A003Q0101,A003011,A003011Q0113,A003012,A003012Q0103,A003013",当てはまるものを選んでください。,どれにもあてはまらない,"22,A003013Q0104"
"https://www.fdma.go.jp/relocation/neuter/topics/filedList9_6/kyukyu_app/kyukyu_app_web/index.html?A000Q0105,A811,A811Q0101,A812,A812Q0102,A813,A813Q0102,A814,A814Q0101,A002,A002Q0101,A003,A003Q0101,A003011,A003011Q0113,A003012,A003012Q0104,A003013",当てはまるものを選んでください。,1.高齢者（65歳以上）ですか？　〔または〕　未就学児（6歳未満）ですか？　〔または〕　（女性のみ）妊娠していますか？,"21,A003013Q0101"
"https://www.fdma.go.jp/relocation/neuter/topics/filedList9_6/kyukyu_app/kyukyu_app_web/index.html?A000Q0105,A811,A811Q0101,A812,A812Q0102,A813,A813Q0102,A814,A814Q0101,A002,A002Q0101,A003,A003Q0101,A003011,A003011Q0113,A003012,A003012Q0104,A003013",当てはまるものを選んでください。,2.歩くことができない状態ですか？,"21,A003013Q0102"
"https://www.fdma.go.jp/relocation/neuter/topics/filedList9_6/kyukyu_app/kyukyu_app_web/index.html?A000Q0105,A811,A811Q0101,A812,A812Q0102,A813,A813Q0102,A814,A814Q0101,A002,A002Q0101,A003,A003Q0101,A003011,A003011Q0113,A003012,A003012Q0104,A003013",当てはまるものを選んでください。,3.抗凝固薬（血液をさらさらにする薬）などをのんでいますか？,"21,A003013Q0103"
"https://www.fdma.go.jp/relocation/neuter/topics/filedList9_6/kyukyu_app/kyukyu_app_web/index.html?A000Q0105,A811,A811Q0101,A812,A812Q0102,A813,A813Q0102,A814,A814Q0101,A002,A002Q0101,A003,A003Q0101,A003011,A003011Q0113,A003012,A003012Q0104,A003013",当てはまるものを選んでください。,どれにもあてはまらない,"22,A003013Q0104"
"https://www.fdma.go.jp/relocation/neuter/topics/filedList9_6/kyukyu_app/kyukyu_app_web/index.html?A000Q0105,A811,A811Q0101,A812,A812Q0102,A813,A813Q0102,A814,A814Q0101,A002,A002Q0101,A003,A003Q0101,A003011,A003011Q0113,A003012,A003012Q0105,A003013",当てはまるものを選んでください。,1.高齢者（65歳以上）ですか？　〔または〕　未就学児（6歳未満）ですか？　〔または〕　（女性のみ）妊娠していますか？,"21,A003013Q0101"
"https://www.fdma.go.jp/relocation/neuter/topics/filedList9_6/kyukyu_app/kyukyu_app_web/index.html?A000Q0105,A811,A811Q0101,A812,A812Q0102,A813,A813Q0102,A814,A814Q0101,A002,A002Q0101,A003,A003Q0101,A003011,A003011Q0113,A003012,A003012Q0105,A003013",当てはまるものを選んでください。,2.歩くことができない状態ですか？,"21,A003013Q0102"
"https://www.fdma.go.jp/relocation/neuter/topics/filedList9_6/kyukyu_app/kyukyu_app_web/index.html?A000Q0105,A811,A811Q0101,A812,A812Q0102,A813,A813Q0102,A814,A814Q0101,A002,A002Q0101,A003,A003Q0101,A003011,A003011Q0113,A003012,A003012Q0105,A003013",当てはまるものを選んでください。,3.抗凝固薬（血液をさらさらにする薬）などをのんでいますか？,"21,A003013Q0103"
"https://www.fdma.go.jp/relocation/neuter/topics/filedList9_6/kyukyu_app/kyukyu_app_web/index.html?A000Q0105,A811,A811Q0101,A812,A812Q0102,A813,A813Q0102,A814,A814Q0101,A002,A002Q0101,A003,A003Q0101,A003011,A003011Q0113,A003012,A003012Q0105,A003013",当てはまるものを選んでください。,どれにもあてはまらない,"22,A003013Q0104"
